Site,LocalSpin
1,-3.222571515193451e-12
2,-7.397235601835916e-12
3,-7.218031727873608e-12
4,-1.3834627887732154e-12
5,7.214527586452135e-12
6,1.2945261182450984e-12
7,7.427214008745575e-12
8,-6.693909868001361e-12
9,1.2805330048262846e-11
10,9.70614909483029e-12
11,-8.43444045508199e-13
12,-6.733637460855082e-12
13,-8.175947969946853e-12
14,-7.869459325280154e-12
15,-3.4725887765423133e-12
16,3.995870204917578e-12
17,7.237197615215965e-12
18,3.329225783943457e-12
