Site,LocalSpin
1,-7.92907406399479e-13
2,-1.6059653606959046e-12
3,4.622038862756028e-12
4,-3.2175234698783584e-12
5,1.3070239335277734e-11
6,-9.234869813301572e-12
7,-2.5151635982267884e-11
8,1.6036041418365787e-11
9,1.3738630797789121e-11
10,1.5044253604143897e-12
11,-1.3077355800308435e-12
12,4.48197076115346e-13
13,1.580710964887126e-14
14,-3.1047882098112623e-12
15,-2.750450447166911e-12
16,1.9345344252696176e-12
17,-3.016529155387286e-12
18,-1.1875014860329713e-12
