Site,LocalSpin
1,4.858096362692077e-9
2,1.1696410631700793e-8
3,1.0355407156770191e-8
4,1.2357874862312102e-9
5,-5.4926794449544625e-9
6,-3.1746715586228325e-9
7,5.504419040903465e-9
8,1.054456407272204e-8
9,5.387287488832828e-9
10,-5.2487666603563e-9
11,-1.0509418718201245e-8
12,-5.540116575217153e-9
13,3.237079652770127e-9
14,5.878870323171294e-9
15,-5.92293107426461e-10
16,-1.0087247496263474e-8
17,-1.2619048884157717e-8
18,-5.433679985122897e-9
