Site,LocalSpin
1,1.7763568394002505e-15
2,4.9404924595819466e-15
3,4.524158825347513e-15
4,1.0477729794899915e-15
5,-2.3626933742804113e-15
6,-2.7434651772573204e-15
7,3.741581697247476e-16
8,1.759700783525442e-15
9,7.685396745816652e-16
10,-1.5211199646527487e-15
11,-2.48156214840694e-15
12,-1.0221392875469485e-15
13,-8.984324011056606e-17
14,-1.1420528985317484e-16
15,-1.0583583318195373e-15
16,-1.688963078323217e-15
17,-1.7261252445292287e-15
18,-6.279698983036042e-16
