Site,LocalDensity
1,0.20825701966600374
2,0.4163255818569202
3,0.33300460067535587
4,0.3105833568951154
5,0.37677932086023
6,0.3318985443018942
7,0.3244551613367942
8,0.3691590082837567
9,0.3295374061182425
10,0.3295374061109321
11,0.36915900829263276
12,0.32445516135182395
13,0.3318985443094294
14,0.37677932087571653
15,0.3105833569220352
16,0.333004600686824
17,0.41632558180706225
18,0.20825701964922513
