Site,LocalSpin
1,0.00023443975176022647
2,0.0005070376557677614
3,0.00036200214510372086
4,-9.836913344784398e-6
5,-0.00024231277081098162
6,-0.00010712357182643243
7,0.00027609951480422743
8,0.0004943852019426549
9,0.00025140601422585435
10,-0.00024041915155384994
11,-0.0004918012822139643
12,-0.0002801472240513158
13,0.0001108146962045846
14,0.0002623633529056443
15,3.646624526120266e-5
16,-0.00036801170565160666
17,-0.0005410305066113743
18,-0.00025433145191174067
