Site,LocalSpin
1,1.6532608615449362e-12
2,-8.441948529114285e-12
3,3.91716520331542e-12
4,-2.4108562368674313e-12
5,1.7348074365930444e-11
6,9.785429411213187e-12
7,-5.3447732351052935e-12
8,-1.5871755298935142e-11
9,-9.593321796674825e-12
10,5.31351033322431e-12
11,5.683965719595959e-12
12,-7.17635682559709e-12
13,1.3879476831643768e-11
14,-1.9530547343157165e-11
15,1.5057425506119732e-11
16,1.6447296472740013e-11
17,-1.0608155693384127e-11
18,-1.0108141754172628e-11
